source,image_path,mask_path_or_label_path,group_id,split,width,height,labels_crack,labels_pothole
crack500,CRACK500/JPEGImages/images/20160222_165402.jpg,CRACK500/Annotations/masks/20160222_165402_mask.png,20160222_165402,train,2560,1440,True,False
crack500,CRACK500/JPEGImages/images/20160329_101342.jpg,CRACK500/Annotations/masks/20160329_101342_mask.png,20160329_101342,train,1440,2560,True,False
crack500,CRACK500/JPEGImages/images/20160407_163257.jpg,CRACK500/Annotations/masks/20160407_163257_mask.png,20160407_163257,train,1440,2560,True,False
crack500,CRACK500/JPEGImages/images/20160316_143445.jpg,CRACK500/Annotations/masks/20160316_143445_mask.png,20160316_143445,train,2560,1440,True,False
crack500,CRACK500/JPEGImages/images/20160307_162438.jpg,CRACK500/Annotations/masks/20160307_162438_mask.png,20160307_162438,train,1440,2560,True,False
crack500,CRACK500/JPEGImages/images/20160328_151504.jpg,CRACK500/Annotations/masks/20160328_151504_mask.png,20160328_151504,train,1440,2560,True,False
crack500,CRACK500/JPEGImages/images/20160328_153533.jpg,CRACK500/Annotations/masks/20160328_153533_mask.png,20160328_153533,train,1440,2560,True,False
crack500,CRACK500/JPEGImages/images/20160326_150319.jpg,CRACK500/Annotations/masks/20160326_150319_mask.png,20160326_150319,train,1440,2560,True,False
crack500,CRACK500/JPEGImages/images/20160329_103807.jpg,CRACK500/Annotations/masks/20160329_103807_mask.png,20160329_103807,train,1440,2560,True,False
crack500,CRACK500/JPEGImages/images/20160328_151151.jpg,CRACK500/Annotations/masks/20160328_151151_mask.png,20160328_151151,train,2560,1440,True,False
crack500,CRACK500/JPEGImages/images/IMG_5749.jpg,CRACK500/Annotations/masks/IMG_5749_mask.png,IMG_5749,train,3264,2448,True,False
crack500,CRACK500/JPEGImages/images/20160321_183951.jpg,CRACK500/Annotations/masks/20160321_183951_mask.png,20160321_183951,train,1440,2560,True,False
crack500,CRACK500/JPEGImages/images/IMG_5765.jpg,CRACK500/Annotations/masks/IMG_5765_mask.png,IMG_5765,train,2448,3264,True,False
crack500,CRACK500/JPEGImages/images/20160302_160033.jpg,CRACK500/Annotations/masks/20160302_160033_mask.png,20160302_160033,train,1440,2560,True,False
crack500,CRACK500/JPEGImages/images/IMG_5774.jpg,CRACK500/Annotations/masks/IMG_5774_mask.png,IMG_5774,train,2448,3264,True,False
crack500,CRACK500/JPEGImages/images/20160321_185557.jpg,CRACK500/Annotations/masks/20160321_185557_mask.png,20160321_185557,train,2560,1440,True,False
crack500,CRACK500/JPEGImages/images/20160330_170428.jpg,CRACK500/Annotations/masks/20160330_170428_mask.png,20160330_170428,train,1440,2560,True,False
crack500,CRACK500/JPEGImages/images/20160329_094055.jpg,CRACK500/Annotations/masks/20160329_094055_mask.png,20160329_094055,train,2560,1440,True,False
crack500,CRACK500/JPEGImages/images/IMG_2917.jpg,CRACK500/Annotations/masks/IMG_2917_mask.png,IMG_2917,train,1936,2592,True,False
crack500,CRACK500/JPEGImages/images/20160306_103816.jpg,CRACK500/Annotations/masks/20160306_103816_mask.png,20160306_103816,train,2560,1440,True,False
crack500,CRACK500/JPEGImages/images/20160222_115833.jpg,CRACK500/Annotations/masks/20160222_115833_mask.png,20160222_115833,train,1440,2560,True,False
crack500,CRACK500/JPEGImages/images/20160328_153829.jpg,CRACK500/Annotations/masks/20160328_153829_mask.png,20160328_153829,train,2560,1440,True,False
crack500,CRACK500/JPEGImages/images/20160330_170507.jpg,CRACK500/Annotations/masks/20160330_170507_mask.png,20160330_170507,train,1440,2560,True,False
crack500,CRACK500/JPEGImages/images/20160324_170408.jpg,CRACK500/Annotations/masks/20160324_170408_mask.png,20160324_170408,train,2560,1440,True,False
crack500,CRACK500/JPEGImages/images/20160307_162704.jpg,CRACK500/Annotations/masks/20160307_162704_mask.png,20160307_162704,train,2560,1440,True,False
crack500,CRACK500/JPEGImages/images/20160316_142539.jpg,CRACK500/Annotations/masks/20160316_142539_mask.png,20160316_142539,train,1440,2560,True,False
crack500,CRACK500/JPEGImages/images/20160316_143624.jpg,CRACK500/Annotations/masks/20160316_143624_mask.png,20160316_143624,train,1440,2560,True,False
crack500,CRACK500/JPEGImages/images/20160316_142031.jpg,CRACK500/Annotations/masks/20160316_142031_mask.png,20160316_142031,train,1440,2560,True,False
crack500,CRACK500/JPEGImages/images/20160330_165644.jpg,CRACK500/Annotations/masks/20160330_165644_mask.png,20160330_165644,train,1440,2560,True,False
crack500,CRACK500/JPEGImages/images/20160328_153553.jpg,CRACK500/Annotations/masks/20160328_153553_mask.png,20160328_153553,train,1440,2560,True,False
crack500,CRACK500/JPEGImages/images/20160307_164517.jpg,CRACK500/Annotations/masks/20160307_164517_mask.png,20160307_164517,train,2560,1440,True,False
crack500,CRACK500/JPEGImages/images/20160316_144230.jpg,CRACK500/Annotations/masks/20160316_144230_mask.png,20160316_144230,train,1440,2560,True,False
crack500,CRACK500/JPEGImages/images/20160316_142027.jpg,CRACK500/Annotations/masks/20160316_142027_mask.png,20160316_142027,train,1440,2560,True,False
crack500,CRACK500/JPEGImages/images/20160316_142223.jpg,CRACK500/Annotations/masks/20160316_142223_mask.png,20160316_142223,train,1440,2560,True,False
crack500,CRACK500/JPEGImages/images/IMG_2936.jpg,CRACK500/Annotations/masks/IMG_2936_mask.png,IMG_2936,train,2592,1936,True,False
crack500,CRACK500/JPEGImages/images/20160307_145059.jpg,CRACK500/Annotations/masks/20160307_145059_mask.png,20160307_145059,train,2560,1440,True,False
crack500,CRACK500/JPEGImages/images/20160328_153540.jpg,CRACK500/Annotations/masks/20160328_153540_mask.png,20160328_153540,train,1440,2560,True,False
crack500,CRACK500/JPEGImages/images/20160328_151241.jpg,CRACK500/Annotations/masks/20160328_151241_mask.png,20160328_151241,train,2560,1440,True,False
crack500,CRACK500/JPEGImages/images/20160307_145259.jpg,CRACK500/Annotations/masks/20160307_145259_mask.png,20160307_145259,train,1440,2560,True,False
crack500,CRACK500/JPEGImages/images/20160308_074134.jpg,CRACK500/Annotations/masks/20160308_074134_mask.png,20160308_074134,train,2560,1440,True,False
crack500,CRACK500/JPEGImages/images/20160225_114535.jpg,CRACK500/Annotations/masks/20160225_114535_mask.png,20160225_114535,train,1440,2560,True,False
crack500,CRACK500/JPEGImages/images/20160329_094010.jpg,CRACK500/Annotations/masks/20160329_094010_mask.png,20160329_094010,train,2560,1440,True,False
crack500,CRACK500/JPEGImages/images/20160308_074330.jpg,CRACK500/Annotations/masks/20160308_074330_mask.png,20160308_074330,train,2560,1440,True,False
crack500,CRACK500/JPEGImages/images/20160222_165037.jpg,CRACK500/Annotations/masks/20160222_165037_mask.png,20160222_165037,train,1440,2560,True,False
crack500,CRACK500/JPEGImages/images/20160321_183947.jpg,CRACK500/Annotations/masks/20160321_183947_mask.png,20160321_183947,train,1440,2560,True,False
crack500,CRACK500/JPEGImages/images/20160222_081011.jpg,CRACK500/Annotations/masks/20160222_081011_mask.png,20160222_081011,train,2560,1440,True,False
crack500,CRACK500/JPEGImages/images/20160326_142354.jpg,CRACK500/Annotations/masks/20160326_142354_mask.png,20160326_142354,train,2560,1440,True,False
crack500,CRACK500/JPEGImages/images/IMG_5747.jpg,CRACK500/Annotations/masks/IMG_5747_mask.png,IMG_5747,train,2448,3264,True,False
crack500,CRACK500/JPEGImages/images/IMG_2908.jpg,CRACK500/Annotations/masks/IMG_2908_mask.png,IMG_2908,train,1936,2592,True,False
crack500,CRACK500/JPEGImages/images/20160222_081111.jpg,CRACK500/Annotations/masks/20160222_081111_mask.png,20160222_081111,train,2560,1440,True,False
crack500,CRACK500/JPEGImages/images/20160222_082414.jpg,CRACK500/Annotations/masks/20160222_082414_mask.png,20160222_082414,train,2560,1440,True,False
crack500,CRACK500/JPEGImages/images/20160402_150110.jpg,CRACK500/Annotations/masks/20160402_150110_mask.png,20160402_150110,train,1440,2560,True,False
crack500,CRACK500/JPEGImages/images/20160328_153714.jpg,CRACK500/Annotations/masks/20160328_153714_mask.png,20160328_153714,train,2560,1440,True,False
crack500,CRACK500/JPEGImages/images/20160316_143603.jpg,CRACK500/Annotations/masks/20160316_143603_mask.png,20160316_143603,train,1440,2560,True,False
crack500,CRACK500/JPEGImages/images/20160222_165919.jpg,CRACK500/Annotations/masks/20160222_165919_mask.png,20160222_165919,train,2560,1440,True,False
crack500,CRACK500/JPEGImages/images/20160310_114429.jpg,CRACK500/Annotations/masks/20160310_114429_mask.png,20160310_114429,train,2560,1440,True,False
crack500,CRACK500/JPEGImages/images/20160402_150304.jpg,CRACK500/Annotations/masks/20160402_150304_mask.png,20160402_150304,train,1440,2560,True,False
crack500,CRACK500/JPEGImages/images/20160328_154017.jpg,CRACK500/Annotations/masks/20160328_154017_mask.png,20160328_154017,train,2560,1440,True,False
crack500,CRACK500/JPEGImages/images/20160328_154339.jpg,CRACK500/Annotations/masks/20160328_154339_mask.png,20160328_154339,train,2560,1440,True,False
crack500,CRACK500/JPEGImages/images/20160326_162538.jpg,CRACK500/Annotations/masks/20160326_162538_mask.png,20160326_162538,train,1440,2560,True,False
crack500,CRACK500/JPEGImages/images/20160326_162532.jpg,CRACK500/Annotations/masks/20160326_162532_mask.png,20160326_162532,train,1440,2560,True,False
crack500,CRACK500/JPEGImages/images/20160329_094459.jpg,CRACK500/Annotations/masks/20160329_094459_mask.png,20160329_094459,train,2560,1440,True,False
crack500,CRACK500/JPEGImages/images/20160329_094507.jpg,CRACK500/Annotations/masks/20160329_094507_mask.png,20160329_094507,train,2560,1440,True,False
crack500,CRACK500/JPEGImages/images/20160316_144241.jpg,CRACK500/Annotations/masks/20160316_144241_mask.png,20160316_144241,train,1440,2560,True,False
crack500,CRACK500/JPEGImages/images/20160328_150827.jpg,CRACK500/Annotations/masks/20160328_150827_mask.png,20160328_150827,train,2560,1440,True,False
crack500,CRACK500/JPEGImages/images/20160328_152747.jpg,CRACK500/Annotations/masks/20160328_152747_mask.png,20160328_152747,train,1440,2560,True,False
crack500,CRACK500/JPEGImages/images/20160415_191330.jpg,CRACK500/Annotations/masks/20160415_191330_mask.png,20160415_191330,train,1440,2560,True,False
crack500,CRACK500/JPEGImages/images/20160329_111111.jpg,CRACK500/Annotations/masks/20160329_111111_mask.png,20160329_111111,train,1440,2560,True,False
crack500,CRACK500/JPEGImages/images/20160222_115224.jpg,CRACK500/Annotations/masks/20160222_115224_mask.png,20160222_115224,train,2560,1440,True,False
crack500,CRACK500/JPEGImages/images/20160222_081839.jpg,CRACK500/Annotations/masks/20160222_081839_mask.png,20160222_081839,train,2560,1440,True,False
crack500,CRACK500/JPEGImages/images/20160329_104031.jpg,CRACK500/Annotations/masks/20160329_104031_mask.png,20160329_104031,train,1440,2560,True,False
crack500,CRACK500/JPEGImages/images/20160328_151027.jpg,CRACK500/Annotations/masks/20160328_151027_mask.png,20160328_151027,train,2560,1440,True,False
crack500,CRACK500/JPEGImages/images/20160308_155537.jpg,CRACK500/Annotations/masks/20160308_155537_mask.png,20160308_155537,train,2560,1440,True,False
crack500,CRACK500/JPEGImages/images/20160330_170922.jpg,CRACK500/Annotations/masks/20160330_170922_mask.png,20160330_170922,train,2560,1440,True,False
crack500,CRACK500/JPEGImages/images/20160306_103903.jpg,CRACK500/Annotations/masks/20160306_103903_mask.png,20160306_103903,train,1440,2560,True,False
crack500,CRACK500/JPEGImages/images/20160328_153845.jpg,CRACK500/Annotations/masks/20160328_153845_mask.png,20160328_153845,train,2560,1440,True,False
crack500,CRACK500/JPEGImages/images/20160222_163930.jpg,CRACK500/Annotations/masks/20160222_163930_mask.png,20160222_163930,train,2560,1440,True,False
crack500,CRACK500/JPEGImages/images/20160306_104456.jpg,CRACK500/Annotations/masks/20160306_104456_mask.png,20160306_104456,train,1440,2560,True,False
crack500,CRACK500/JPEGImages/images/20160307_163627.jpg,CRACK500/Annotations/masks/20160307_163627_mask.png,20160307_163627,train,2560,1440,True,False
crack500,CRACK500/JPEGImages/images/20160222_164936.jpg,CRACK500/Annotations/masks/20160222_164936_mask.png,20160222_164936,train,1440,2560,True,False
crack500,CRACK500/JPEGImages/images/20160324_170309.jpg,CRACK500/Annotations/masks/20160324_170309_mask.png,20160324_170309,train,2560,1440,True,False
crack500,CRACK500/JPEGImages/images/20160307_145107.jpg,CRACK500/Annotations/masks/20160307_145107_mask.png,20160307_145107,train,2560,1440,True,False
crack500,CRACK500/JPEGImages/images/20160328_154452.jpg,CRACK500/Annotations/masks/20160328_154452_mask.png,20160328_154452,train,2560,1440,True,False
crack500,CRACK500/JPEGImages/images/20160310_114441.jpg,CRACK500/Annotations/masks/20160310_114441_mask.png,20160310_114441,train,2560,1440,True,False
crack500,CRACK500/JPEGImages/images/20160307_164319.jpg,CRACK500/Annotations/masks/20160307_164319_mask.png,20160307_164319,train,1440,2560,True,False
crack500,CRACK500/JPEGImages/images/20160308_160053.jpg,CRACK500/Annotations/masks/20160308_160053_mask.png,20160308_160053,train,1440,2560,True,False
crack500,CRACK500/JPEGImages/images/20160326_150337.jpg,CRACK500/Annotations/masks/20160326_150337_mask.png,20160326_150337,train,2560,1440,True,False
crack500,CRACK500/JPEGImages/images/20160328_151506.jpg,CRACK500/Annotations/masks/20160328_151506_mask.png,20160328_151506,train,1440,2560,True,False
crack500,CRACK500/JPEGImages/images/20160307_163342.jpg,CRACK500/Annotations/masks/20160307_163342_mask.png,20160307_163342,train,1440,2560,True,False
crack500,CRACK500/JPEGImages/images/20160329_103530.jpg,CRACK500/Annotations/masks/20160329_103530_mask.png,20160329_103530,train,1440,2560,True,False
crack500,CRACK500/JPEGImages/images/20160328_154540.jpg,CRACK500/Annotations/masks/20160328_154540_mask.png,20160328_154540,train,2560,1440,True,False
crack500,CRACK500/JPEGImages/images/20160328_153327.jpg,CRACK500/Annotations/masks/20160328_153327_mask.png,20160328_153327,train,1440,2560,True,False
crack500,CRACK500/JPEGImages/images/20160321_185518.jpg,CRACK500/Annotations/masks/20160321_185518_mask.png,20160321_185518,train,1440,2560,True,False
crack500,CRACK500/JPEGImages/images/20160330_170504.jpg,CRACK500/Annotations/masks/20160330_170504_mask.png,20160330_170504,train,1440,2560,True,False
crack500,CRACK500/JPEGImages/images/20160328_154011.jpg,CRACK500/Annotations/masks/20160328_154011_mask.png,20160328_154011,train,2560,1440,True,False
crack500,CRACK500/JPEGImages/images/20160328_151014.jpg,CRACK500/Annotations/masks/20160328_151014_mask.png,20160328_151014,train,1440,2560,True,False
crack500,CRACK500/JPEGImages/images/20160328_150820.jpg,CRACK500/Annotations/masks/20160328_150820_mask.png,20160328_150820,train,2560,1440,True,False
crack500,CRACK500/JPEGImages/images/20160303_093537.jpg,CRACK500/Annotations/masks/20160303_093537_mask.png,20160303_093537,train,2560,1440,True,False
crack500,CRACK500/JPEGImages/images/20160328_152322.jpg,CRACK500/Annotations/masks/20160328_152322_mask.png,20160328_152322,train,1440,2560,True,False
crack500,CRACK500/JPEGImages/images/20160308_155720.jpg,CRACK500/Annotations/masks/20160308_155720_mask.png,20160308_155720,train,1440,2560,True,False
crack500,CRACK500/JPEGImages/images/20160402_150105.jpg,CRACK500/Annotations/masks/20160402_150105_mask.png,20160402_150105,train,1440,2560,True,False
crack500,CRACK500/JPEGImages/images/20160329_101520.jpg,CRACK500/Annotations/masks/20160329_101520_mask.png,20160329_101520,train,1440,2560,True,False
crack500,CRACK500/JPEGImages/images/20160222_164822.jpg,CRACK500/Annotations/masks/20160222_164822_mask.png,20160222_164822,train,2560,1440,True,False
crack500,CRACK500/JPEGImages/images/20160328_151728.jpg,CRACK500/Annotations/masks/20160328_151728_mask.png,20160328_151728,train,1440,2560,True,False
crack500,CRACK500/JPEGImages/images/IMG_5782.jpg,CRACK500/Annotations/masks/IMG_5782_mask.png,IMG_5782,train,2448,3264,True,False
crack500,CRACK500/JPEGImages/images/20160328_151945.jpg,CRACK500/Annotations/masks/20160328_151945_mask.png,20160328_151945,train,2560,1440,True,False
crack500,CRACK500/JPEGImages/images/IMG_5766.jpg,CRACK500/Annotations/masks/IMG_5766_mask.png,IMG_5766,train,3264,2448,True,False
crack500,CRACK500/JPEGImages/images/20160330_170848.jpg,CRACK500/Annotations/masks/20160330_170848_mask.png,20160330_170848,train,1440,2560,True,False
crack500,CRACK500/JPEGImages/images/20160326_142327.jpg,CRACK500/Annotations/masks/20160326_142327_mask.png,20160326_142327,train,2560,1440,True,False
crack500,CRACK500/JPEGImages/images/20160303_093527.jpg,CRACK500/Annotations/masks/20160303_093527_mask.png,20160303_093527,train,2560,1440,True,False
crack500,CRACK500/JPEGImages/images/20160330_164743.jpg,CRACK500/Annotations/masks/20160330_164743_mask.png,20160330_164743,train,2560,1440,True,False
crack500,CRACK500/JPEGImages/images/20160330_170256.jpg,CRACK500/Annotations/masks/20160330_170256_mask.png,20160330_170256,train,1440,2560,True,False
crack500,CRACK500/JPEGImages/images/20160306_103638.jpg,CRACK500/Annotations/masks/20160306_103638_mask.png,20160306_103638,train,1440,2560,True,False
crack500,CRACK500/JPEGImages/images/IMG_2930.jpg,CRACK500/Annotations/masks/IMG_2930_mask.png,IMG_2930,train,2592,1936,True,False
crack500,CRACK500/JPEGImages/images/20160308_073245.jpg,CRACK500/Annotations/masks/20160308_073245_mask.png,20160308_073245,train,2560,1440,True,False
crack500,CRACK500/JPEGImages/images/20160405_172849.jpg,CRACK500/Annotations/masks/20160405_172849_mask.png,20160405_172849,train,1440,2560,True,False
crack500,CRACK500/JPEGImages/images/20160328_153732.jpg,CRACK500/Annotations/masks/20160328_153732_mask.png,20160328_153732,train,2560,1440,True,False
crack500,CRACK500/JPEGImages/images/20160307_163352.jpg,CRACK500/Annotations/masks/20160307_163352_mask.png,20160307_163352,train,1440,2560,True,False
crack500,CRACK500/JPEGImages/images/20160402_151049.jpg,CRACK500/Annotations/masks/20160402_151049_mask.png,20160402_151049,train,1440,2560,True,False
crack500,CRACK500/JPEGImages/images/20160310_114446.jpg,CRACK500/Annotations/masks/20160310_114446_mask.png,20160310_114446,train,2560,1440,True,False
crack500,CRACK500/JPEGImages/images/20160329_094025.jpg,CRACK500/Annotations/masks/20160329_094025_mask.png,20160329_094025,train,2560,1440,True,False
crack500,CRACK500/JPEGImages/images/20160222_165218.jpg,CRACK500/Annotations/masks/20160222_165218_mask.png,20160222_165218,train,2560,1440,True,False
crack500,CRACK500/JPEGImages/images/20160330_160957.jpg,CRACK500/Annotations/masks/20160330_160957_mask.png,20160330_160957,train,1440,2560,True,False
crack500,CRACK500/JPEGImages/images/20160307_144924.jpg,CRACK500/Annotations/masks/20160307_144924_mask.png,20160307_144924,train,2560,1440,True,False
crack500,CRACK500/JPEGImages/images/IMG_2934.jpg,CRACK500/Annotations/masks/IMG_2934_mask.png,IMG_2934,train,2592,1936,True,False
crack500,CRACK500/JPEGImages/images/20160225_114503.jpg,CRACK500/Annotations/masks/20160225_114503_mask.png,20160225_114503,train,1440,2560,True,False
crack500,CRACK500/JPEGImages/images/IMG_2944.jpg,CRACK500/Annotations/masks/IMG_2944_mask.png,IMG_2944,train,2592,1936,True,False
crack500,CRACK500/JPEGImages/images/20160328_154159.jpg,CRACK500/Annotations/masks/20160328_154159_mask.png,20160328_154159,train,2560,1440,True,False
crack500,CRACK500/JPEGImages/images/20160330_170501.jpg,CRACK500/Annotations/masks/20160330_170501_mask.png,20160330_170501,train,1440,2560,True,False
crack500,CRACK500/JPEGImages/images/IMG_2913.jpg,CRACK500/Annotations/masks/IMG_2913_mask.png,IMG_2913,train,2592,1936,True,False
crack500,CRACK500/JPEGImages/images/20160303_093353.jpg,CRACK500/Annotations/masks/20160303_093353_mask.png,20160303_093353,train,1440,2560,True,False
crack500,CRACK500/JPEGImages/images/20160407_163515.jpg,CRACK500/Annotations/masks/20160407_163515_mask.png,20160407_163515,train,1440,2560,True,False
crack500,CRACK500/JPEGImages/images/20160402_150938.jpg,CRACK500/Annotations/masks/20160402_150938_mask.png,20160402_150938,train,1440,2560,True,False
crack500,CRACK500/JPEGImages/images/20160316_143547.jpg,CRACK500/Annotations/masks/20160316_143547_mask.png,20160316_143547,train,1440,2560,True,False
crack500,CRACK500/JPEGImages/images/20160222_115219.jpg,CRACK500/Annotations/masks/20160222_115219_mask.png,20160222_115219,train,2560,1440,True,False
crack500,CRACK500/JPEGImages/images/20160324_170323.jpg,CRACK500/Annotations/masks/20160324_170323_mask.png,20160324_170323,train,2560,1440,True,False
crack500,CRACK500/JPEGImages/images/20160222_164141.jpg,CRACK500/Annotations/masks/20160222_164141_mask.png,20160222_164141,train,2560,1440,True,False
crack500,CRACK500/JPEGImages/images/IMG_5788.jpg,CRACK500/Annotations/masks/IMG_5788_mask.png,IMG_5788,train,2448,3264,True,False
crack500,CRACK500/JPEGImages/images/20160321_183909.jpg,CRACK500/Annotations/masks/20160321_183909_mask.png,20160321_183909,train,2560,1440,True,False
crack500,CRACK500/JPEGImages/images/20160328_151243.jpg,CRACK500/Annotations/masks/20160328_151243_mask.png,20160328_151243,train,2560,1440,True,False
crack500,CRACK500/JPEGImages/images/20160328_151804.jpg,CRACK500/Annotations/masks/20160328_151804_mask.png,20160328_151804,train,2560,1440,True,False
crack500,CRACK500/JPEGImages/images/IMG_2912.jpg,CRACK500/Annotations/masks/IMG_2912_mask.png,IMG_2912,train,1936,2592,True,False
crack500,CRACK500/JPEGImages/images/20160222_115828.jpg,CRACK500/Annotations/masks/20160222_115828_mask.png,20160222_115828,train,1440,2560,True,False
crack500,CRACK500/JPEGImages/images/20160308_074702.jpg,CRACK500/Annotations/masks/20160308_074702_mask.png,20160308_074702,train,1440,2560,True,False
crack500,CRACK500/JPEGImages/images/20160316_142009.jpg,CRACK500/Annotations/masks/20160316_142009_mask.png,20160316_142009,train,2560,1440,True,False
crack500,CRACK500/JPEGImages/images/20160328_153654.jpg,CRACK500/Annotations/masks/20160328_153654_mask.png,20160328_153654,train,2560,1440,True,False
crack500,CRACK500/JPEGImages/images/20160328_153556.jpg,CRACK500/Annotations/masks/20160328_153556_mask.png,20160328_153556,train,1440,2560,True,False
crack500,CRACK500/JPEGImages/images/20160329_094016.jpg,CRACK500/Annotations/masks/20160329_094016_mask.png,20160329_094016,train,2560,1440,True,False
crack500,CRACK500/JPEGImages/images/20160328_153706.jpg,CRACK500/Annotations/masks/20160328_153706_mask.png,20160328_153706,train,2560,1440,True,False
crack500,CRACK500/JPEGImages/images/20160316_141721.jpg,CRACK500/Annotations/masks/20160316_141721_mask.png,20160316_141721,train,1440,2560,True,False
crack500,CRACK500/JPEGImages/images/IMG_2909.jpg,CRACK500/Annotations/masks/IMG_2909_mask.png,IMG_2909,train,1936,2592,True,False
crack500,CRACK500/JPEGImages/images/20160316_142226.jpg,CRACK500/Annotations/masks/20160316_142226_mask.png,20160316_142226,train,1440,2560,True,False
crack500,CRACK500/JPEGImages/images/20160328_154429.jpg,CRACK500/Annotations/masks/20160328_154429_mask.png,20160328_154429,train,2560,1440,True,False
crack500,CRACK500/JPEGImages/images/20160328_151409.jpg,CRACK500/Annotations/masks/20160328_151409_mask.png,20160328_151409,train,2560,1440,True,False
crack500,CRACK500/JPEGImages/images/20160328_152022.jpg,CRACK500/Annotations/masks/20160328_152022_mask.png,20160328_152022,train,2560,1440,True,False
crack500,CRACK500/JPEGImages/images/20160405_171716.jpg,CRACK500/Annotations/masks/20160405_171716_mask.png,20160405_171716,train,1440,2560,True,False
crack500,CRACK500/JPEGImages/images/20160222_115324.jpg,CRACK500/Annotations/masks/20160222_115324_mask.png,20160222_115324,train,2560,1440,True,False
crack500,CRACK500/JPEGImages/images/20160302_155857.jpg,CRACK500/Annotations/masks/20160302_155857_mask.png,20160302_155857,train,2560,1440,True,False
crack500,CRACK500/JPEGImages/images/20160306_103830.jpg,CRACK500/Annotations/masks/20160306_103830_mask.png,20160306_103830,train,1440,2560,True,False
crack500,CRACK500/JPEGImages/images/20160326_141808.jpg,CRACK500/Annotations/masks/20160326_141808_mask.png,20160326_141808,train,1440,2560,True,False
crack500,CRACK500/JPEGImages/images/20160222_165225.jpg,CRACK500/Annotations/masks/20160222_165225_mask.png,20160222_165225,train,2560,1440,True,False
crack500,CRACK500/JPEGImages/images/20160318_181627.jpg,CRACK500/Annotations/masks/20160318_181627_mask.png,20160318_181627,train,1440,2560,True,False
crack500,CRACK500/JPEGImages/images/IMG_2937.jpg,CRACK500/Annotations/masks/IMG_2937_mask.png,IMG_2937,train,2592,1936,True,False
crack500,CRACK500/JPEGImages/images/20160324_170655.jpg,CRACK500/Annotations/masks/20160324_170655_mask.png,20160324_170655,train,2560,1440,True,False
crack500,CRACK500/JPEGImages/images/20160402_150317.jpg,CRACK500/Annotations/masks/20160402_150317_mask.png,20160402_150317,train,1440,2560,True,False
crack500,CRACK500/JPEGImages/images/20160405_171723.jpg,CRACK500/Annotations/masks/20160405_171723_mask.png,20160405_171723,train,1440,2560,True,False
crack500,CRACK500/JPEGImages/images/20160303_093400.jpg,CRACK500/Annotations/masks/20160303_093400_mask.png,20160303_093400,train,1440,2560,True,False
crack500,CRACK500/JPEGImages/images/20160307_163613.jpg,CRACK500/Annotations/masks/20160307_163613_mask.png,20160307_163613,train,2560,1440,True,False
crack500,CRACK500/JPEGImages/images/20160329_104100.jpg,CRACK500/Annotations/masks/20160329_104100_mask.png,20160329_104100,train,2560,1440,True,False
crack500,CRACK500/JPEGImages/images/20160307_163537.jpg,CRACK500/Annotations/masks/20160307_163537_mask.png,20160307_163537,train,2560,1440,True,False
crack500,CRACK500/JPEGImages/images/20160318_181712.jpg,CRACK500/Annotations/masks/20160318_181712_mask.png,20160318_181712,train,2560,1440,True,False
crack500,CRACK500/JPEGImages/images/20160326_142521.jpg,CRACK500/Annotations/masks/20160326_142521_mask.png,20160326_142521,train,1440,2560,True,False
crack500,CRACK500/JPEGImages/images/20160328_153544.jpg,CRACK500/Annotations/masks/20160328_153544_mask.png,20160328_153544,train,1440,2560,True,False
crack500,CRACK500/JPEGImages/images/20160328_151752.jpg,CRACK500/Annotations/masks/20160328_151752_mask.png,20160328_151752,train,1440,2560,True,False
crack500,CRACK500/JPEGImages/images/20160328_153657.jpg,CRACK500/Annotations/masks/20160328_153657_mask.png,20160328_153657,train,2560,1440,True,False
crack500,CRACK500/JPEGImages/images/IMG_5779.jpg,CRACK500/Annotations/masks/IMG_5779_mask.png,IMG_5779,train,2448,3264,True,False
crack500,CRACK500/JPEGImages/images/20160329_115529.jpg,CRACK500/Annotations/masks/20160329_115529_mask.png,20160329_115529,train,1440,2560,True,False
crack500,CRACK500/JPEGImages/images/20160222_165625.jpg,CRACK500/Annotations/masks/20160222_165625_mask.png,20160222_165625,train,2560,1440,True,False
crack500,CRACK500/JPEGImages/images/IMG_1730.jpg,CRACK500/Annotations/masks/IMG_1730_mask.png,IMG_1730,train,2448,3180,True,False
crack500,CRACK500/JPEGImages/images/20160405_172854.jpg,CRACK500/Annotations/masks/20160405_172854_mask.png,20160405_172854,train,1440,2560,True,False
crack500,CRACK500/JPEGImages/images/IMG_2938.jpg,CRACK500/Annotations/masks/IMG_2938_mask.png,IMG_2938,train,2592,1936,True,False
crack500,CRACK500/JPEGImages/images/20160328_151247.jpg,CRACK500/Annotations/masks/20160328_151247_mask.png,20160328_151247,train,2560,1440,True,False
crack500,CRACK500/JPEGImages/images/20160407_163130.jpg,CRACK500/Annotations/masks/20160407_163130_mask.png,20160407_163130,train,1440,2560,True,False
crack500,CRACK500/JPEGImages/images/IMG_6184.jpg,CRACK500/Annotations/masks/IMG_6184_mask.png,IMG_6184,train,2448,3264,True,False
crack500,CRACK500/JPEGImages/images/20160328_153536.jpg,CRACK500/Annotations/masks/20160328_153536_mask.png,20160328_153536,train,1440,2560,True,False
crack500,CRACK500/JPEGImages/images/IMG_6182.jpg,CRACK500/Annotations/masks/IMG_6182_mask.png,IMG_6182,train,2448,3264,True,False
crack500,CRACK500/JPEGImages/images/20160308_072921.jpg,CRACK500/Annotations/masks/20160308_072921_mask.png,20160308_072921,train,2560,1440,True,False
crack500,CRACK500/JPEGImages/images/20160222_115805.jpg,CRACK500/Annotations/masks/20160222_115805_mask.png,20160222_115805,train,2560,1440,True,False
crack500,CRACK500/JPEGImages/images/20160326_142309.jpg,CRACK500/Annotations/masks/20160326_142309_mask.png,20160326_142309,train,1440,2560,True,False
crack500,CRACK500/JPEGImages/images/20160308_073014.jpg,CRACK500/Annotations/masks/20160308_073014_mask.png,20160308_073014,train,2560,1440,True,False
crack500,CRACK500/JPEGImages/images/20160329_104152.jpg,CRACK500/Annotations/masks/20160329_104152_mask.png,20160329_104152,train,2560,1440,True,False
crack500,CRACK500/JPEGImages/images/20160330_170348.jpg,CRACK500/Annotations/masks/20160330_170348_mask.png,20160330_170348,train,1440,2560,True,False
crack500,CRACK500/JPEGImages/images/20160326_174634.jpg,CRACK500/Annotations/masks/20160326_174634_mask.png,20160326_174634,train,2560,1440,True,False
crack500,CRACK500/JPEGImages/images/IMG_2907.jpg,CRACK500/Annotations/masks/IMG_2907_mask.png,IMG_2907,train,2592,1936,True,False
crack500,CRACK500/JPEGImages/images/IMG_6180.jpg,CRACK500/Annotations/masks/IMG_6180_mask.png,IMG_6180,train,2448,3264,True,False
crack500,CRACK500/JPEGImages/images/20160330_163941.jpg,CRACK500/Annotations/masks/20160330_163941_mask.png,20160330_163941,train,1440,2560,True,False
crack500,CRACK500/JPEGImages/images/20160328_150933.jpg,CRACK500/Annotations/masks/20160328_150933_mask.png,20160328_150933,train,2560,1440,True,False
crack500,CRACK500/JPEGImages/images/IMG_2910.jpg,CRACK500/Annotations/masks/IMG_2910_mask.png,IMG_2910,train,1936,2592,True,False
crack500,CRACK500/JPEGImages/images/IMG_1725.jpg,CRACK500/Annotations/masks/IMG_1725_mask.png,IMG_1725,train,2448,3264,True,False
crack500,CRACK500/JPEGImages/images/20160222_163940.jpg,CRACK500/Annotations/masks/20160222_163940_mask.png,20160222_163940,train,1440,2560,True,False
crack500,CRACK500/JPEGImages/images/20160307_144931.jpg,CRACK500/Annotations/masks/20160307_144931_mask.png,20160307_144931,train,1440,2560,True,False
crack500,CRACK500/JPEGImages/images/20160326_162529.jpg,CRACK500/Annotations/masks/20160326_162529_mask.png,20160326_162529,train,1440,2560,True,False
crack500,CRACK500/JPEGImages/images/20160307_164214.jpg,CRACK500/Annotations/masks/20160307_164214_mask.png,20160307_164214,train,1440,2560,True,False
crack500,CRACK500/JPEGImages/images/20160328_151814.jpg,CRACK500/Annotations/masks/20160328_151814_mask.png,20160328_151814,train,2560,1440,True,False
crack500,CRACK500/JPEGImages/images/20160222_115858.jpg,CRACK500/Annotations/masks/20160222_115858_mask.png,20160222_115858,train,2560,1440,True,False
crack500,CRACK500/JPEGImages/images/20160328_153813.jpg,CRACK500/Annotations/masks/20160328_153813_mask.png,20160328_153813,train,2560,1440,True,False
crack500,CRACK500/JPEGImages/images/20160316_144203.jpg,CRACK500/Annotations/masks/20160316_144203_mask.png,20160316_144203,train,2560,1440,True,False
crack500,CRACK500/JPEGImages/images/IMG_2915.jpg,CRACK500/Annotations/masks/IMG_2915_mask.png,IMG_2915,train,1936,2592,True,False
crack500,CRACK500/JPEGImages/images/IMG_5764.jpg,CRACK500/Annotations/masks/IMG_5764_mask.png,IMG_5764,train,2448,3264,True,False
crack500,CRACK500/JPEGImages/images/20160402_151837.jpg,CRACK500/Annotations/masks/20160402_151837_mask.png,20160402_151837,train,1440,2560,True,False
crack500,CRACK500/JPEGImages/images/20160405_171456.jpg,CRACK500/Annotations/masks/20160405_171456_mask.png,20160405_171456,train,2560,1440,True,False
crack500,CRACK500/JPEGImages/images/20160307_164301.jpg,CRACK500/Annotations/masks/20160307_164301_mask.png,20160307_164301,train,1440,2560,True,False
crack500,CRACK500/JPEGImages/images/20160328_153548.jpg,CRACK500/Annotations/masks/20160328_153548_mask.png,20160328_153548,train,1440,2560,True,False
crack500,CRACK500/JPEGImages/images/20160307_145113.jpg,CRACK500/Annotations/masks/20160307_145113_mask.png,20160307_145113,train,2560,1440,True,False
crack500,CRACK500/JPEGImages/images/IMG_2927.jpg,CRACK500/Annotations/masks/IMG_2927_mask.png,IMG_2927,train,1936,2592,True,False
crack500,CRACK500/JPEGImages/images/20160316_144212.jpg,CRACK500/Annotations/masks/20160316_144212_mask.png,20160316_144212,train,2560,1440,True,False
crack500,CRACK500/JPEGImages/images/20160328_150932.jpg,CRACK500/Annotations/masks/20160328_150932_mask.png,20160328_150932,train,2560,1440,True,False
crack500,CRACK500/JPEGImages/images/20160329_101511.jpg,CRACK500/Annotations/masks/20160329_101511_mask.png,20160329_101511,train,1440,2560,True,False
crack500,CRACK500/JPEGImages/images/20160222_165947.jpg,CRACK500/Annotations/masks/20160222_165947_mask.png,20160222_165947,train,2560,1440,True,False
crack500,CRACK500/JPEGImages/images/20160307_164226.jpg,CRACK500/Annotations/masks/20160307_164226_mask.png,20160307_164226,train,2560,1440,True,False
crack500,CRACK500/JPEGImages/images/20160326_150104.jpg,CRACK500/Annotations/masks/20160326_150104_mask.png,20160326_150104,train,1440,2560,True,False
crack500,CRACK500/JPEGImages/images/20160328_153524.jpg,CRACK500/Annotations/masks/20160328_153524_mask.png,20160328_153524,train,1440,2560,True,False
crack500,CRACK500/JPEGImages/images/20160326_142349.jpg,CRACK500/Annotations/masks/20160326_142349_mask.png,20160326_142349,train,2560,1440,True,False
crack500,CRACK500/JPEGImages/images/20160303_091837.jpg,CRACK500/Annotations/masks/20160303_091837_mask.png,20160303_091837,train,1440,2560,True,False
crack500,CRACK500/JPEGImages/images/20160308_073310.jpg,CRACK500/Annotations/masks/20160308_073310_mask.png,20160308_073310,train,2560,1440,True,False
crack500,CRACK500/JPEGImages/images/20160310_114505.jpg,CRACK500/Annotations/masks/20160310_114505_mask.png,20160310_114505,train,2560,1440,True,False
crack500,CRACK500/JPEGImages/images/20160310_114459.jpg,CRACK500/Annotations/masks/20160310_114459_mask.png,20160310_114459,train,1440,2560,True,False
crack500,CRACK500/JPEGImages/images/20160328_151057.jpg,CRACK500/Annotations/masks/20160328_151057_mask.png,20160328_151057,train,2560,1440,True,False
crack500,CRACK500/JPEGImages/images/20160407_165210.jpg,CRACK500/Annotations/masks/20160407_165210_mask.png,20160407_165210,train,1440,2560,True,False
crack500,CRACK500/JPEGImages/images/20160330_163855.jpg,CRACK500/Annotations/masks/20160330_163855_mask.png,20160330_163855,train,1440,2560,True,False
crack500,CRACK500/JPEGImages/images/IMG_5758.jpg,CRACK500/Annotations/masks/IMG_5758_mask.png,IMG_5758,train,2448,3264,True,False
crack500,CRACK500/JPEGImages/images/20160328_154318.jpg,CRACK500/Annotations/masks/20160328_154318_mask.png,20160328_154318,train,2560,1440,True,False
crack500,CRACK500/JPEGImages/images/20160308_073532.jpg,CRACK500/Annotations/masks/20160308_073532_mask.png,20160308_073532,train,2560,1440,True,False
crack500,CRACK500/JPEGImages/images/20160316_144431.jpg,CRACK500/Annotations/masks/20160316_144431_mask.png,20160316_144431,train,2560,1440,True,False
crack500,CRACK500/JPEGImages/images/20160329_104111.jpg,CRACK500/Annotations/masks/20160329_104111_mask.png,20160329_104111,train,2560,1440,True,False
crack500,CRACK500/JPEGImages/images/20160303_091825.jpg,CRACK500/Annotations/masks/20160303_091825_mask.png,20160303_091825,train,1440,2560,True,False
crack500,CRACK500/JPEGImages/images/20160308_155516.jpg,CRACK500/Annotations/masks/20160308_155516_mask.png,20160308_155516,train,2560,1440,True,False
crack500,CRACK500/JPEGImages/images/20160328_152305.jpg,CRACK500/Annotations/masks/20160328_152305_mask.png,20160328_152305,train,1440,2560,True,False
crack500,CRACK500/JPEGImages/images/20160328_153559.jpg,CRACK500/Annotations/masks/20160328_153559_mask.png,20160328_153559,train,1440,2560,True,False
crack500,CRACK500/JPEGImages/images/20160328_151013.jpg,CRACK500/Annotations/masks/20160328_151013_mask.png,20160328_151013,train,1440,2560,True,False
crack500,CRACK500/JPEGImages/images/20160222_114759.jpg,CRACK500/Annotations/masks/20160222_114759_mask.png,20160222_114759,train,2560,1440,True,False
crack500,CRACK500/JPEGImages/images/20160329_104201.jpg,CRACK500/Annotations/masks/20160329_104201_mask.png,20160329_104201,train,1440,2560,True,False
crack500,CRACK500/JPEGImages/images/20160222_115714.jpg,CRACK500/Annotations/masks/20160222_115714_mask.png,20160222_115714,train,2560,1440,True,False
crack500,CRACK500/JPEGImages/images/20160328_152336.jpg,CRACK500/Annotations/masks/20160328_152336_mask.png,20160328_152336,train,2560,1440,True,False
crack500,CRACK500/JPEGImages/images/IMG_5776.jpg,CRACK500/Annotations/masks/IMG_5776_mask.png,IMG_5776,train,2448,3264,True,False
crack500,CRACK500/JPEGImages/images/20160330_170114.jpg,CRACK500/Annotations/masks/20160330_170114_mask.png,20160330_170114,train,1440,2560,True,False
crack500,CRACK500/JPEGImages/images/20160402_150942.jpg,CRACK500/Annotations/masks/20160402_150942_mask.png,20160402_150942,train,1440,2560,True,False
crack500,CRACK500/JPEGImages/images/20160222_115738.jpg,CRACK500/Annotations/masks/20160222_115738_mask.png,20160222_115738,train,2560,1440,True,False
crack500,CRACK500/JPEGImages/images/IMG_2942.jpg,CRACK500/Annotations/masks/IMG_2942_mask.png,IMG_2942,train,2592,1936,True,False
crack500,CRACK500/JPEGImages/images/IMG_1731.jpg,CRACK500/Annotations/masks/IMG_1731_mask.png,IMG_1731,train,2448,3168,True,False
crack500,CRACK500/JPEGImages/images/20160328_152514.jpg,CRACK500/Annotations/masks/20160328_152514_mask.png,20160328_152514,train,1440,2560,True,False
crack500,CRACK500/JPEGImages/images/20160329_094003.jpg,CRACK500/Annotations/masks/20160329_094003_mask.png,20160329_094003,train,2560,1440,True,False
crack500,CRACK500/JPEGImages/images/20160310_114418.jpg,CRACK500/Annotations/masks/20160310_114418_mask.png,20160310_114418,train,2560,1440,True,False
crack500,CRACK500/JPEGImages/images/20160407_164918.jpg,CRACK500/Annotations/masks/20160407_164918_mask.png,20160407_164918,train,2560,1440,True,False
crack500,CRACK500/JPEGImages/images/20160330_172309.jpg,CRACK500/Annotations/masks/20160330_172309_mask.png,20160330_172309,train,1440,2560,True,False
crack500,CRACK500/JPEGImages/images/20160318_084343.jpg,CRACK500/Annotations/masks/20160318_084343_mask.png,20160318_084343,train,1440,2560,True,False
crack500,CRACK500/JPEGImages/images/20160329_094512.jpg,CRACK500/Annotations/masks/20160329_094512_mask.png,20160329_094512,train,1440,2560,True,False
crack500,CRACK500/JPEGImages/images/20160308_072935.jpg,CRACK500/Annotations/masks/20160308_072935_mask.png,20160308_072935,train,1440,2560,True,False
crack500,CRACK500/JPEGImages/images/20160329_104107.jpg,CRACK500/Annotations/masks/20160329_104107_mask.png,20160329_104107,train,2560,1440,True,False
crack500,CRACK500/JPEGImages/images/20160303_091830.jpg,CRACK500/Annotations/masks/20160303_091830_mask.png,20160303_091830,train,1440,2560,True,False
crack500,CRACK500/JPEGImages/images/20160328_151252.jpg,CRACK500/Annotations/masks/20160328_151252_mask.png,20160328_151252,train,2560,1440,True,False
crack500,CRACK500/JPEGImages/images/20160328_151056.jpg,CRACK500/Annotations/masks/20160328_151056_mask.png,20160328_151056,train,2560,1440,True,False
crack500,CRACK500/JPEGImages/images/20160328_153918.jpg,CRACK500/Annotations/masks/20160328_153918_mask.png,20160328_153918,train,2560,1440,True,False
crack500,CRACK500/JPEGImages/images/20160329_103800.jpg,CRACK500/Annotations/masks/20160329_103800_mask.png,20160329_103800,train,1440,2560,True,False
crack500,CRACK500/JPEGImages/images/20160316_143433.jpg,CRACK500/Annotations/masks/20160316_143433_mask.png,20160316_143433,train,2560,1440,True,False
crack500,CRACK500/JPEGImages/images/20160307_164143.jpg,CRACK500/Annotations/masks/20160307_164143_mask.png,20160307_164143,train,1440,2560,True,False
crack500,CRACK500/JPEGImages/images/IMG_5791.jpg,CRACK500/Annotations/masks/IMG_5791_mask.png,IMG_5791,train,2448,3264,True,False
crack500,CRACK500/JPEGImages/images/20160329_101347.jpg,CRACK500/Annotations/masks/20160329_101347_mask.png,20160329_101347,train,1440,2560,True,False
crack500,CRACK500/JPEGImages/images/20160329_104117.jpg,CRACK500/Annotations/masks/20160329_104117_mask.png,20160329_104117,train,2560,1440,True,False
crack500,CRACK500/JPEGImages/images/20160307_144916.jpg,CRACK500/Annotations/masks/20160307_144916_mask.png,20160307_144916,train,2560,1440,True,False
crack500,CRACK500/JPEGImages/images/20160328_151808.jpg,CRACK500/Annotations/masks/20160328_151808_mask.png,20160328_151808,train,2560,1440,True,False
crack500,CRACK500/JPEGImages/images/20160303_092839.jpg,CRACK500/Annotations/masks/20160303_092839_mask.png,20160303_092839,train,1440,2560,True,False
crack500,CRACK500/JPEGImages/images/20160303_092806.jpg,CRACK500/Annotations/masks/20160303_092806_mask.png,20160303_092806,train,1440,2560,True,False
crack500,CRACK500/JPEGImages/images/20160328_153616.jpg,CRACK500/Annotations/masks/20160328_153616_mask.png,20160328_153616,train,2560,1440,True,False
crack500,CRACK500/JPEGImages/images/20160407_163125.jpg,CRACK500/Annotations/masks/20160407_163125_mask.png,20160407_163125,train,1440,2560,True,False
crack500,CRACK500/JPEGImages/images/20160328_152308.jpg,CRACK500/Annotations/masks/20160328_152308_mask.png,20160328_152308,train,1440,2560,True,False
crack500,CRACK500/JPEGImages/images/20160222_165715.jpg,CRACK500/Annotations/masks/20160222_165715_mask.png,20160222_165715,train,2560,1440,True,False
crack500,CRACK500/JPEGImages/images/20160405_171712.jpg,CRACK500/Annotations/masks/20160405_171712_mask.png,20160405_171712,train,1440,2560,True,False
crack500,CRACK500/JPEGImages/images/20160308_073406.jpg,CRACK500/Annotations/masks/20160308_073406_mask.png,20160308_073406,train,2560,1440,True,False
crack500,CRACK500/JPEGImages/images/20160222_164021.jpg,CRACK500/Annotations/masks/20160222_164021_mask.png,20160222_164021,train,1440,2560,True,False
crack500,CRACK500/JPEGImages/images/20160308_073356.jpg,CRACK500/Annotations/masks/20160308_073356_mask.png,20160308_073356,train,1440,2560,True,False
crack500,CRACK500/JPEGImages/images/20160316_142449.jpg,CRACK500/Annotations/masks/20160316_142449_mask.png,20160316_142449,train,1440,2560,True,False
crack500,CRACK500/JPEGImages/images/IMG_5752.jpg,CRACK500/Annotations/masks/IMG_5752_mask.png,IMG_5752,train,2448,3264,True,False
crack500,CRACK500/JPEGImages/images/20160328_154535.jpg,CRACK500/Annotations/masks/20160328_154535_mask.png,20160328_154535,train,2560,1440,True,False
crack500,CRACK500/JPEGImages/images/20160222_114806.jpg,CRACK500/Annotations/masks/20160222_114806_mask.png,20160222_114806,train,2560,1440,True,False
crack500,CRACK500/JPEGImages/images/20160328_152328.jpg,CRACK500/Annotations/masks/20160328_152328_mask.png,20160328_152328,train,1440,2560,True,False
crack500,CRACK500/JPEGImages/images/20160316_143629.jpg,CRACK500/Annotations/masks/20160316_143629_mask.png,20160316_143629,train,1440,2560,True,False
crack500,CRACK500/JPEGImages/images/20160222_080850.jpg,CRACK500/Annotations/masks/20160222_080850_mask.png,20160222_080850,train,1440,2560,True,False
crack500,CRACK500/JPEGImages/images/20160328_153612.jpg,CRACK500/Annotations/masks/20160328_153612_mask.png,20160328_153612,train,2560,1440,True,False
crack500,CRACK500/JPEGImages/images/20160328_153645.jpg,CRACK500/Annotations/masks/20160328_153645_mask.png,20160328_153645,train,2560,1440,True,False
crack500,CRACK500/JPEGImages/images/20160307_144252.jpg,CRACK500/Annotations/masks/20160307_144252_mask.png,20160307_144252,train,2560,1440,True,False
crack500,CRACK500/JPEGImages/images/20160324_170542.jpg,CRACK500/Annotations/masks/20160324_170542_mask.png,20160324_170542,train,2560,1440,True,False
crack500,CRACK500/JPEGImages/images/20160329_101503.jpg,CRACK500/Annotations/masks/20160329_101503_mask.png,20160329_101503,train,1440,2560,True,False
crack500,CRACK500/JPEGImages/images/IMG_5759.jpg,CRACK500/Annotations/masks/IMG_5759_mask.png,IMG_5759,train,2448,3264,True,False
crack500,CRACK500/JPEGImages/images/20160328_154321.jpg,CRACK500/Annotations/masks/20160328_154321_mask.png,20160328_154321,train,2560,1440,True,False
crack500,CRACK500/JPEGImages/images/20160316_142014.jpg,CRACK500/Annotations/masks/20160316_142014_mask.png,20160316_142014,train,2560,1440,True,False
crack500,CRACK500/JPEGImages/images/20160302_155848.jpg,CRACK500/Annotations/masks/20160302_155848_mask.png,20160302_155848,train,1440,2560,True,False
crack500,CRACK500/JPEGImages/images/20160328_153404.jpg,CRACK500/Annotations/masks/20160328_153404_mask.png,20160328_153404,train,2560,1440,True,False
crack500,CRACK500/JPEGImages/images/20160307_145255.jpg,CRACK500/Annotations/masks/20160307_145255_mask.png,20160307_145255,train,1440,2560,True,False
crack500,CRACK500/JPEGImages/images/20160328_153241.jpg,CRACK500/Annotations/masks/20160328_153241_mask.png,20160328_153241,train,1440,2560,True,False
crack500,CRACK500/JPEGImages/images/20160329_104035.jpg,CRACK500/Annotations/masks/20160329_104035_mask.png,20160329_104035,train,1440,2560,True,False
crack500,CRACK500/JPEGImages/images/20160222_080933.jpg,CRACK500/Annotations/masks/20160222_080933_mask.png,20160222_080933,train,1440,2560,True,False
crack500,CRACK500/JPEGImages/images/20160405_171336.jpg,CRACK500/Annotations/masks/20160405_171336_mask.png,20160405_171336,train,1440,2560,True,False
crack500,CRACK500/JPEGImages/images/20160307_144115.jpg,CRACK500/Annotations/masks/20160307_144115_mask.png,20160307_144115,train,1440,2560,True,False
crack500,CRACK500/JPEGImages/images/20160328_151020.jpg,CRACK500/Annotations/masks/20160328_151020_mask.png,20160328_151020,train,1440,2560,True,False
crack500,CRACK500/JPEGImages/images/20160407_165009.jpg,CRACK500/Annotations/masks/20160407_165009_mask.png,20160407_165009,train,1440,2560,True,False
crack500,CRACK500/JPEGImages/images/IMG_6186.jpg,CRACK500/Annotations/masks/IMG_6186_mask.png,IMG_6186,train,2448,3264,True,False
crack500,CRACK500/JPEGImages/images/IMG_2932.jpg,CRACK500/Annotations/masks/IMG_2932_mask.png,IMG_2932,train,2592,1936,True,False
crack500,CRACK500/JPEGImages/images/IMG_5787.jpg,CRACK500/Annotations/masks/IMG_5787_mask.png,IMG_5787,train,2448,3264,True,False
crack500,CRACK500/JPEGImages/images/IMG_1729.jpg,CRACK500/Annotations/masks/IMG_1729_mask.png,IMG_1729,train,2448,3264,True,False
crack500,CRACK500/JPEGImages/images/20160302_155925.jpg,CRACK500/Annotations/masks/20160302_155925_mask.png,20160302_155925,train,1440,2560,True,False
crack500,CRACK500/JPEGImages/images/20160222_081113.jpg,CRACK500/Annotations/masks/20160222_081113_mask.png,20160222_081113,train,2560,1440,True,False
crack500,CRACK500/JPEGImages/images/20160328_153724.jpg,CRACK500/Annotations/masks/20160328_153724_mask.png,20160328_153724,train,2560,1440,True,False
crack500,CRACK500/JPEGImages/images/20160308_074321.jpg,CRACK500/Annotations/masks/20160308_074321_mask.png,20160308_074321,train,2560,1440,True,False
crack500,CRACK500/JPEGImages/images/20160328_153604.jpg,CRACK500/Annotations/masks/20160328_153604_mask.png,20160328_153604,train,1440,2560,True,False
crack500,CRACK500/JPEGImages/images/20160328_151657.jpg,CRACK500/Annotations/masks/20160328_151657_mask.png,20160328_151657,train,1440,2560,True,False
crack500,CRACK500/JPEGImages/images/20160329_094527.jpg,CRACK500/Annotations/masks/20160329_094527_mask.png,20160329_094527,train,1440,2560,True,False
crack500,CRACK500/JPEGImages/images/20160325_185829.jpg,CRACK500/Annotations/masks/20160325_185829_mask.png,20160325_185829,train,1440,2560,True,False
crack500,CRACK500/JPEGImages/images/20160326_141812.jpg,CRACK500/Annotations/masks/20160326_141812_mask.png,20160326_141812,train,1440,2560,True,False
crack500,CRACK500/JPEGImages/images/20160222_164825.jpg,CRACK500/Annotations/masks/20160222_164825_mask.png,20160222_164825,train,2560,1440,True,False
crack500,CRACK500/JPEGImages/images/20160328_154454.jpg,CRACK500/Annotations/masks/20160328_154454_mask.png,20160328_154454,train,1440,2560,True,False
crack500,CRACK500/JPEGImages/images/IMG_2933.jpg,CRACK500/Annotations/masks/IMG_2933_mask.png,IMG_2933,train,2592,1936,True,False
crack500,CRACK500/JPEGImages/images/IMG_2935.jpg,CRACK500/Annotations/masks/IMG_2935_mask.png,IMG_2935,train,2592,1936,True,False
crack500,CRACK500/JPEGImages/images/20160407_165001.jpg,CRACK500/Annotations/masks/20160407_165001_mask.png,20160407_165001,train,1440,2560,True,False
crack500,CRACK500/JPEGImages/images/20160306_104522.jpg,CRACK500/Annotations/masks/20160306_104522_mask.png,20160306_104522,train,1440,2560,True,False
crack500,CRACK500/JPEGImages/images/20160302_155914.jpg,CRACK500/Annotations/masks/20160302_155914_mask.png,20160302_155914,train,1440,2560,True,False
crack500,CRACK500/JPEGImages/images/20160222_115847.jpg,CRACK500/Annotations/masks/20160222_115847_mask.png,20160222_115847,train,2560,1440,True,False
crack500,CRACK500/JPEGImages/images/20160222_165926.jpg,CRACK500/Annotations/masks/20160222_165926_mask.png,20160222_165926,train,2560,1440,True,False
crack500,CRACK500/JPEGImages/images/20160328_152511.jpg,CRACK500/Annotations/masks/20160328_152511_mask.png,20160328_152511,train,1440,2560,True,False
crack500,CRACK500/JPEGImages/images/20160328_153421.jpg,CRACK500/Annotations/masks/20160328_153421_mask.png,20160328_153421,val,1440,2560,True,False
crack500,CRACK500/JPEGImages/images/20160306_103613.jpg,CRACK500/Annotations/masks/20160306_103613_mask.png,20160306_103613,val,1440,2560,True,False
crack500,CRACK500/JPEGImages/images/20160330_170201.jpg,CRACK500/Annotations/masks/20160330_170201_mask.png,20160330_170201,val,1440,2560,True,False
crack500,CRACK500/JPEGImages/images/20160407_163522.jpg,CRACK500/Annotations/masks/20160407_163522_mask.png,20160407_163522,val,1440,2560,True,False
crack500,CRACK500/JPEGImages/images/20160326_142745.jpg,CRACK500/Annotations/masks/20160326_142745_mask.png,20160326_142745,val,2560,1440,True,False
crack500,CRACK500/JPEGImages/images/20160328_154325.jpg,CRACK500/Annotations/masks/20160328_154325_mask.png,20160328_154325,val,2560,1440,True,False
crack500,CRACK500/JPEGImages/images/20160328_150940.jpg,CRACK500/Annotations/masks/20160328_150940_mask.png,20160328_150940,val,2560,1440,True,False
crack500,CRACK500/JPEGImages/images/20160328_154334.jpg,CRACK500/Annotations/masks/20160328_154334_mask.png,20160328_154334,val,2560,1440,True,False
crack500,CRACK500/JPEGImages/images/20160308_155731.jpg,CRACK500/Annotations/masks/20160308_155731_mask.png,20160308_155731,val,2560,1440,True,False
crack500,CRACK500/JPEGImages/images/20160328_153632.jpg,CRACK500/Annotations/masks/20160328_153632_mask.png,20160328_153632,val,2560,1440,True,False
crack500,CRACK500/JPEGImages/images/IMG_5763.jpg,CRACK500/Annotations/masks/IMG_5763_mask.png,IMG_5763,val,2448,3264,True,False
crack500,CRACK500/JPEGImages/images/20160308_074101.jpg,CRACK500/Annotations/masks/20160308_074101_mask.png,20160308_074101,val,2560,1440,True,False
crack500,CRACK500/JPEGImages/images/IMG_6179.jpg,CRACK500/Annotations/masks/IMG_6179_mask.png,IMG_6179,val,2448,3264,True,False
crack500,CRACK500/JPEGImages/images/IMG_2940.jpg,CRACK500/Annotations/masks/IMG_2940_mask.png,IMG_2940,val,2592,1936,True,False
crack500,CRACK500/JPEGImages/images/20160306_103657.jpg,CRACK500/Annotations/masks/20160306_103657_mask.png,20160306_103657,val,1440,2560,True,False
crack500,CRACK500/JPEGImages/images/20160328_151413.jpg,CRACK500/Annotations/masks/20160328_151413_mask.png,20160328_151413,val,2560,1440,True,False
crack500,CRACK500/JPEGImages/images/20160329_101524.jpg,CRACK500/Annotations/masks/20160329_101524_mask.png,20160329_101524,val,1440,2560,True,False
crack500,CRACK500/JPEGImages/images/20160326_142403.jpg,CRACK500/Annotations/masks/20160326_142403_mask.png,20160326_142403,val,2560,1440,True,False
crack500,CRACK500/JPEGImages/images/20160328_153020.jpg,CRACK500/Annotations/masks/20160328_153020_mask.png,20160328_153020,val,1440,2560,True,False
crack500,CRACK500/JPEGImages/images/20160329_104024.jpg,CRACK500/Annotations/masks/20160329_104024_mask.png,20160329_104024,val,1440,2560,True,False
crack500,CRACK500/JPEGImages/images/20160330_170308.jpg,CRACK500/Annotations/masks/20160330_170308_mask.png,20160330_170308,val,1440,2560,True,False
crack500,CRACK500/JPEGImages/images/20160330_164935.jpg,CRACK500/Annotations/masks/20160330_164935_mask.png,20160330_164935,val,1440,2560,True,False
crack500,CRACK500/JPEGImages/images/20160328_153848.jpg,CRACK500/Annotations/masks/20160328_153848_mask.png,20160328_153848,val,2560,1440,True,False
crack500,CRACK500/JPEGImages/images/20160307_164400.jpg,CRACK500/Annotations/masks/20160307_164400_mask.png,20160307_164400,val,2560,1440,True,False
crack500,CRACK500/JPEGImages/images/20160222_164851.jpg,CRACK500/Annotations/masks/20160222_164851_mask.png,20160222_164851,val,2560,1440,True,False
crack500,CRACK500/JPEGImages/images/20160308_155836.jpg,CRACK500/Annotations/masks/20160308_155836_mask.png,20160308_155836,val,1440,2560,True,False
crack500,CRACK500/JPEGImages/images/20160326_144512.jpg,CRACK500/Annotations/masks/20160326_144512_mask.png,20160326_144512,val,1440,2560,True,False
crack500,CRACK500/JPEGImages/images/20160316_143527.jpg,CRACK500/Annotations/masks/20160316_143527_mask.png,20160316_143527,val,1440,2560,True,False
crack500,CRACK500/JPEGImages/images/IMG_5777.jpg,CRACK500/Annotations/masks/IMG_5777_mask.png,IMG_5777,val,2448,3264,True,False
crack500,CRACK500/JPEGImages/images/20160308_072951.jpg,CRACK500/Annotations/masks/20160308_072951_mask.png,20160308_072951,val,2560,1440,True,False
crack500,CRACK500/JPEGImages/images/20160222_164000.jpg,CRACK500/Annotations/masks/20160222_164000_mask.png,20160222_164000,val,2560,1440,True,False
crack500,CRACK500/JPEGImages/images/20160316_144105.jpg,CRACK500/Annotations/masks/20160316_144105_mask.png,20160316_144105,val,2560,1440,True,False
crack500,CRACK500/JPEGImages/images/20160330_160938.jpg,CRACK500/Annotations/masks/20160330_160938_mask.png,20160330_160938,val,2560,1440,True,False
crack500,CRACK500/JPEGImages/images/IMG_5746.jpg,CRACK500/Annotations/masks/IMG_5746_mask.png,IMG_5746,val,2448,3264,True,False
crack500,CRACK500/JPEGImages/images/20160328_153801.jpg,CRACK500/Annotations/masks/20160328_153801_mask.png,20160328_153801,val,2560,1440,True,False
crack500,CRACK500/JPEGImages/images/20160330_163725.jpg,CRACK500/Annotations/masks/20160330_163725_mask.png,20160330_163725,val,1440,2560,True,False
crack500,CRACK500/JPEGImages/images/IMG_6187.jpg,CRACK500/Annotations/masks/IMG_6187_mask.png,IMG_6187,val,3264,2448,True,False
crack500,CRACK500/JPEGImages/images/20160308_155847.jpg,CRACK500/Annotations/masks/20160308_155847_mask.png,20160308_155847,val,2560,1440,True,False
crack500,CRACK500/JPEGImages/images/20160405_171431.jpg,CRACK500/Annotations/masks/20160405_171431_mask.png,20160405_171431,val,2560,1440,True,False
crack500,CRACK500/JPEGImages/images/20160328_151429.jpg,CRACK500/Annotations/masks/20160328_151429_mask.png,20160328_151429,val,1440,2560,True,False
crack500,CRACK500/JPEGImages/images/20160402_151054.jpg,CRACK500/Annotations/masks/20160402_151054_mask.png,20160402_151054,val,1440,2560,True,False
crack500,CRACK500/JPEGImages/images/IMG_6181.jpg,CRACK500/Annotations/masks/IMG_6181_mask.png,IMG_6181,val,2448,3264,True,False
crack500,CRACK500/JPEGImages/images/20160328_153623.jpg,CRACK500/Annotations/masks/20160328_153623_mask.png,20160328_153623,val,2560,1440,True,False
crack500,CRACK500/JPEGImages/images/20160307_145000.jpg,CRACK500/Annotations/masks/20160307_145000_mask.png,20160307_145000,val,2560,1440,True,False
crack500,CRACK500/JPEGImages/images/20160405_171219.jpg,CRACK500/Annotations/masks/20160405_171219_mask.png,20160405_171219,val,1440,2560,True,False
crack500,CRACK500/JPEGImages/images/20160329_094006.jpg,CRACK500/Annotations/masks/20160329_094006_mask.png,20160329_094006,val,2560,1440,True,False
crack500,CRACK500/JPEGImages/images/20160222_165031.jpg,CRACK500/Annotations/masks/20160222_165031_mask.png,20160222_165031,val,2560,1440,True,False
crack500,CRACK500/JPEGImages/images/20160329_103609.jpg,CRACK500/Annotations/masks/20160329_103609_mask.png,20160329_103609,val,1440,2560,True,False
crack500,CRACK500/JPEGImages/images/20160329_115531.jpg,CRACK500/Annotations/masks/20160329_115531_mask.png,20160329_115531,val,1440,2560,True,False
crack500,CRACK500/JPEGImages/images/IMG_5751.jpg,CRACK500/Annotations/masks/IMG_5751_mask.png,IMG_5751,val,2448,3264,True,False
crack500,CRACK500/JPEGImages/images/20160308_155828.jpg,CRACK500/Annotations/masks/20160308_155828_mask.png,20160308_155828,val,1440,2560,True,False
crack500,CRACK500/JPEGImages/images/20160329_104133.jpg,CRACK500/Annotations/masks/20160329_104133_mask.png,20160329_104133,val,2560,1440,True,False
crack500,CRACK500/JPEGImages/images/20160307_164334.jpg,CRACK500/Annotations/masks/20160307_164334_mask.png,20160307_164334,val,2560,1440,True,False
crack500,CRACK500/JPEGImages/images/20160321_185457.jpg,CRACK500/Annotations/masks/20160321_185457_mask.png,20160321_185457,val,1440,2560,True,False
crack500,CRACK500/JPEGImages/images/20160324_170347.jpg,CRACK500/Annotations/masks/20160324_170347_mask.png,20160324_170347,val,2560,1440,True,False
crack500,CRACK500/JPEGImages/images/20160307_144842.jpg,CRACK500/Annotations/masks/20160307_144842_mask.png,20160307_144842,val,2560,1440,True,False
crack500,CRACK500/JPEGImages/images/20160324_165857.jpg,CRACK500/Annotations/masks/20160324_165857_mask.png,20160324_165857,val,2560,1440,True,False
crack500,CRACK500/JPEGImages/images/20160329_101507.jpg,CRACK500/Annotations/masks/20160329_101507_mask.png,20160329_101507,val,1440,2560,True,False
crack500,CRACK500/JPEGImages/images/20160328_151343.jpg,CRACK500/Annotations/masks/20160328_151343_mask.png,20160328_151343,val,1440,2560,True,False
crack500,CRACK500/JPEGImages/images/IMG_2931.jpg,CRACK500/Annotations/masks/IMG_2931_mask.png,IMG_2931,val,2592,1936,True,False
crack500,CRACK500/JPEGImages/images/IMG_2911.jpg,CRACK500/Annotations/masks/IMG_2911_mask.png,IMG_2911,val,1936,2592,True,False
crack500,CRACK500/JPEGImages/images/20160225_114514.jpg,CRACK500/Annotations/masks/20160225_114514_mask.png,20160225_114514,val,1440,2560,True,False
crack500,CRACK500/JPEGImages/images/IMG_5767.jpg,CRACK500/Annotations/masks/IMG_5767_mask.png,IMG_5767,val,3264,2448,True,False
crack500,CRACK500/JPEGImages/images/20160413_113422.jpg,CRACK500/Annotations/masks/20160413_113422_mask.png,20160413_113422,val,1440,2560,True,False
crack500,CRACK500/JPEGImages/images/20160310_114658.jpg,CRACK500/Annotations/masks/20160310_114658_mask.png,20160310_114658,val,1440,2560,True,False
crack500,CRACK500/JPEGImages/images/20160308_072944.jpg,CRACK500/Annotations/masks/20160308_072944_mask.png,20160308_072944,val,2560,1440,True,False
crack500,CRACK500/JPEGImages/images/20160329_104038.jpg,CRACK500/Annotations/masks/20160329_104038_mask.png,20160329_104038,val,1440,2560,True,False
crack500,CRACK500/JPEGImages/images/20160222_115843.jpg,CRACK500/Annotations/masks/20160222_115843_mask.png,20160222_115843,val,2560,1440,True,False
crack500,CRACK500/JPEGImages/images/20160222_165012.jpg,CRACK500/Annotations/masks/20160222_165012_mask.png,20160222_165012,val,2560,1440,True,False
crack500,CRACK500/JPEGImages/images/20160330_170014.jpg,CRACK500/Annotations/masks/20160330_170014_mask.png,20160330_170014,val,1440,2560,True,False
crack500,CRACK500/JPEGImages/images/20160307_163552.jpg,CRACK500/Annotations/masks/20160307_163552_mask.png,20160307_163552,test,2560,1440,True,False
crack500,CRACK500/JPEGImages/images/20160328_154202.jpg,CRACK500/Annotations/masks/20160328_154202_mask.png,20160328_154202,test,2560,1440,True,False
crack500,CRACK500/JPEGImages/images/20160321_185637.jpg,CRACK500/Annotations/masks/20160321_185637_mask.png,20160321_185637,test,1440,2560,True,False
crack500,CRACK500/JPEGImages/images/20160329_094452.jpg,CRACK500/Annotations/masks/20160329_094452_mask.png,20160329_094452,test,2560,1440,True,False
crack500,CRACK500/JPEGImages/images/20160329_094632.jpg,CRACK500/Annotations/masks/20160329_094632_mask.png,20160329_094632,test,1440,2560,True,False
crack500,CRACK500/JPEGImages/images/20160316_141736.jpg,CRACK500/Annotations/masks/20160316_141736_mask.png,20160316_141736,test,1440,2560,True,False
crack500,CRACK500/JPEGImages/images/20160328_153718.jpg,CRACK500/Annotations/masks/20160328_153718_mask.png,20160328_153718,test,2560,1440,True,False
crack500,CRACK500/JPEGImages/images/20160222_165256.jpg,CRACK500/Annotations/masks/20160222_165256_mask.png,20160222_165256,test,2560,1440,True,False
crack500,CRACK500/JPEGImages/images/20160324_173501.jpg,CRACK500/Annotations/masks/20160324_173501_mask.png,20160324_173501,test,2560,1440,True,False
crack500,CRACK500/JPEGImages/images/20160303_092627.jpg,CRACK500/Annotations/masks/20160303_092627_mask.png,20160303_092627,test,2560,1440,True,False
crack500,CRACK500/JPEGImages/images/20160328_153629.jpg,CRACK500/Annotations/masks/20160328_153629_mask.png,20160328_153629,test,2560,1440,True,False
crack500,CRACK500/JPEGImages/images/20160328_151423.jpg,CRACK500/Annotations/masks/20160328_151423_mask.png,20160328_151423,test,1440,2560,True,False
crack500,CRACK500/JPEGImages/images/20160330_172305.jpg,CRACK500/Annotations/masks/20160330_172305_mask.png,20160330_172305,test,1440,2560,True,False
crack500,CRACK500/JPEGImages/images/20160222_115837.jpg,CRACK500/Annotations/masks/20160222_115837_mask.png,20160222_115837,test,2560,1440,True,False
crack500,CRACK500/JPEGImages/images/IMG_2740.jpg,CRACK500/Annotations/masks/IMG_2740_mask.png,IMG_2740,test,2592,1904,True,False
crack500,CRACK500/JPEGImages/images/20160308_155737.jpg,CRACK500/Annotations/masks/20160308_155737_mask.png,20160308_155737,test,2560,1440,True,False
crack500,CRACK500/JPEGImages/images/20160329_093924.jpg,CRACK500/Annotations/masks/20160329_093924_mask.png,20160329_093924,test,2560,1440,True,False
crack500,CRACK500/JPEGImages/images/20160318_181632.jpg,CRACK500/Annotations/masks/20160318_181632_mask.png,20160318_181632,test,1440,2560,True,False
crack500,CRACK500/JPEGImages/images/20160321_185534.jpg,CRACK500/Annotations/masks/20160321_185534_mask.png,20160321_185534,test,1440,2560,True,False
crack500,CRACK500/JPEGImages/images/20160222_165951.jpg,CRACK500/Annotations/masks/20160222_165951_mask.png,20160222_165951,test,2560,1440,True,False
crack500,CRACK500/JPEGImages/images/20160324_173527.jpg,CRACK500/Annotations/masks/20160324_173527_mask.png,20160324_173527,test,2560,1440,True,False
crack500,CRACK500/JPEGImages/images/IMG_5775.jpg,CRACK500/Annotations/masks/IMG_5775_mask.png,IMG_5775,test,2448,3264,True,False
crack500,CRACK500/JPEGImages/images/IMG_5789.jpg,CRACK500/Annotations/masks/IMG_5789_mask.png,IMG_5789,test,2448,3264,True,False
crack500,CRACK500/JPEGImages/images/20160316_183217.jpg,CRACK500/Annotations/masks/20160316_183217_mask.png,20160316_183217,test,1440,2560,True,False
crack500,CRACK500/JPEGImages/images/20160405_171453.jpg,CRACK500/Annotations/masks/20160405_171453_mask.png,20160405_171453,test,2560,1440,True,False
crack500,CRACK500/JPEGImages/images/20160308_072824.jpg,CRACK500/Annotations/masks/20160308_072824_mask.png,20160308_072824,test,2560,1440,True,False
crack500,CRACK500/JPEGImages/images/20160306_104527.jpg,CRACK500/Annotations/masks/20160306_104527_mask.png,20160306_104527,test,1440,2560,True,False
crack500,CRACK500/JPEGImages/images/IMG_2941.jpg,CRACK500/Annotations/masks/IMG_2941_mask.png,IMG_2941,test,2592,1936,True,False
crack500,CRACK500/JPEGImages/images/20160318_181602.jpg,CRACK500/Annotations/masks/20160318_181602_mask.png,20160318_181602,test,1440,2560,True,False
crack500,CRACK500/JPEGImages/images/IMG_5778.jpg,CRACK500/Annotations/masks/IMG_5778_mask.png,IMG_5778,test,2448,3264,True,False
crack500,CRACK500/JPEGImages/images/20160330_165325.jpg,CRACK500/Annotations/masks/20160330_165325_mask.png,20160330_165325,test,1440,2560,True,False
crack500,CRACK500/JPEGImages/images/20160307_144150.jpg,CRACK500/Annotations/masks/20160307_144150_mask.png,20160307_144150,test,2560,1440,True,False
crack500,CRACK500/JPEGImages/images/IMG_1732.jpg,CRACK500/Annotations/masks/IMG_1732_mask.png,IMG_1732,test,2448,3264,True,False
crack500,CRACK500/JPEGImages/images/20160405_171353.jpg,CRACK500/Annotations/masks/20160405_171353_mask.png,20160405_171353,test,2560,1440,True,False
crack500,CRACK500/JPEGImages/images/20160222_081031.jpg,CRACK500/Annotations/masks/20160222_081031_mask.png,20160222_081031,test,2560,1440,True,False
crack500,CRACK500/JPEGImages/images/IMG_2906.jpg,CRACK500/Annotations/masks/IMG_2906_mask.png,IMG_2906,test,2592,1936,True,False
crack500,CRACK500/JPEGImages/images/20160310_114425.jpg,CRACK500/Annotations/masks/20160310_114425_mask.png,20160310_114425,test,2560,1440,True,False
crack500,CRACK500/JPEGImages/images/20160328_154352.jpg,CRACK500/Annotations/masks/20160328_154352_mask.png,20160328_154352,test,2560,1440,True,False
crack500,CRACK500/JPEGImages/images/20160328_151244.jpg,CRACK500/Annotations/masks/20160328_151244_mask.png,20160328_151244,test,2560,1440,True,False
crack500,CRACK500/JPEGImages/images/20160308_072844.jpg,CRACK500/Annotations/masks/20160308_072844_mask.png,20160308_072844,test,1440,2560,True,False
crack500,CRACK500/JPEGImages/images/20160328_150821.jpg,CRACK500/Annotations/masks/20160328_150821_mask.png,20160328_150821,test,2560,1440,True,False
crack500,CRACK500/JPEGImages/images/IMG_5781.jpg,CRACK500/Annotations/masks/IMG_5781_mask.png,IMG_5781,test,2448,3264,True,False
crack500,CRACK500/JPEGImages/images/20160330_165956.jpg,CRACK500/Annotations/masks/20160330_165956_mask.png,20160330_165956,test,1440,2560,True,False
crack500,CRACK500/JPEGImages/images/20160329_103626.jpg,CRACK500/Annotations/masks/20160329_103626_mask.png,20160329_103626,test,1440,2560,True,False
crack500,CRACK500/JPEGImages/images/20160330_170359.jpg,CRACK500/Annotations/masks/20160330_170359_mask.png,20160330_170359,test,1440,2560,True,False
crack500,CRACK500/JPEGImages/images/20160307_163641.jpg,CRACK500/Annotations/masks/20160307_163641_mask.png,20160307_163641,test,2560,1440,True,False
crack500,CRACK500/JPEGImages/images/20160328_153821.jpg,CRACK500/Annotations/masks/20160328_153821_mask.png,20160328_153821,test,2560,1440,True,False
crack500,CRACK500/JPEGImages/images/20160222_115305.jpg,CRACK500/Annotations/masks/20160222_115305_mask.png,20160222_115305,test,2560,1440,True,False
crack500,CRACK500/JPEGImages/images/20160329_093920.jpg,CRACK500/Annotations/masks/20160329_093920_mask.png,20160329_093920,test,2560,1440,True,False
crack500,CRACK500/JPEGImages/images/20160328_153357.jpg,CRACK500/Annotations/masks/20160328_153357_mask.png,20160328_153357,test,2560,1440,True,False
crack500,CRACK500/JPEGImages/images/20160308_073213.jpg,CRACK500/Annotations/masks/20160308_073213_mask.png,20160308_073213,test,1440,2560,True,False
crack500,CRACK500/JPEGImages/images/20160308_072831.jpg,CRACK500/Annotations/masks/20160308_072831_mask.png,20160308_072831,test,1440,2560,True,False
crack500,CRACK500/JPEGImages/images/20160222_165937.jpg,CRACK500/Annotations/masks/20160222_165937_mask.png,20160222_165937,test,2560,1440,True,False
crack500,CRACK500/JPEGImages/images/20160222_115519.jpg,CRACK500/Annotations/masks/20160222_115519_mask.png,20160222_115519,test,2560,1440,True,False
crack500,CRACK500/JPEGImages/images/20160222_115620.jpg,CRACK500/Annotations/masks/20160222_115620_mask.png,20160222_115620,test,2560,1440,True,False
crack500,CRACK500/JPEGImages/images/20160328_150927.jpg,CRACK500/Annotations/masks/20160328_150927_mask.png,20160328_150927,test,2560,1440,True,False
crack500,CRACK500/JPEGImages/images/20160328_154356.jpg,CRACK500/Annotations/masks/20160328_154356_mask.png,20160328_154356,test,2560,1440,True,False
crack500,CRACK500/JPEGImages/images/20160222_165909.jpg,CRACK500/Annotations/masks/20160222_165909_mask.png,20160222_165909,test,2560,1440,True,False
crack500,CRACK500/JPEGImages/images/20160328_153702.jpg,CRACK500/Annotations/masks/20160328_153702_mask.png,20160328_153702,test,2560,1440,True,False
crack500,CRACK500/JPEGImages/images/IMG_5780.jpg,CRACK500/Annotations/masks/IMG_5780_mask.png,IMG_5780,test,2448,3264,True,False
crack500,CRACK500/JPEGImages/images/IMG_6183.jpg,CRACK500/Annotations/masks/IMG_6183_mask.png,IMG_6183,test,2448,3264,True,False
crack500,CRACK500/JPEGImages/images/20160329_104205.jpg,CRACK500/Annotations/masks/20160329_104205_mask.png,20160329_104205,test,1440,2560,True,False
crack500,CRACK500/JPEGImages/images/20160225_114531.jpg,CRACK500/Annotations/masks/20160225_114531_mask.png,20160225_114531,test,1440,2560,True,False
crack500,CRACK500/JPEGImages/images/20160402_150300.jpg,CRACK500/Annotations/masks/20160402_150300_mask.png,20160402_150300,test,1440,2560,True,False
crack500,CRACK500/JPEGImages/images/20160306_103632.jpg,CRACK500/Annotations/masks/20160306_103632_mask.png,20160306_103632,test,1440,2560,True,False
crack500,CRACK500/JPEGImages/images/20160308_072927.jpg,CRACK500/Annotations/masks/20160308_072927_mask.png,20160308_072927,test,2560,1440,True,False
crack500,CRACK500/JPEGImages/images/20160308_073736.jpg,CRACK500/Annotations/masks/20160308_073736_mask.png,20160308_073736,test,2560,1440,True,False
crack500,CRACK500/JPEGImages/images/20160308_160128.jpg,CRACK500/Annotations/masks/20160308_160128_mask.png,20160308_160128,test,2560,1440,True,False
crack500,CRACK500/JPEGImages/images/20160402_150314.jpg,CRACK500/Annotations/masks/20160402_150314_mask.png,20160402_150314,test,1440,2560,True,False
crack500,CRACK500/JPEGImages/images/20160222_115233.jpg,CRACK500/Annotations/masks/20160222_115233_mask.png,20160222_115233,test,2560,1440,True,False
crack500,CRACK500/JPEGImages/images/20160302_155919.jpg,CRACK500/Annotations/masks/20160302_155919_mask.png,20160302_155919,test,2560,1440,True,False
crack500,CRACK500/JPEGImages/images/20160329_101514.jpg,CRACK500/Annotations/masks/20160329_101514_mask.png,20160329_101514,test,1440,2560,True,False
